TEAM,PLAYER
Atlanta Hawks,Trae Young
Atlanta Hawks,John Collins
Atlanta Hawks,Cam Reddish
Atlanta Hawks,Clint Capela
Atlanta Hawks,Bogdan Bogdanovic
Atlanta Hawks,Kevin Huerter
Atlanta Hawks,Gorgui Dieng
Atlanta Hawks,Delon Wright
Atlanta Hawks,Danilo Gallinari
Atlanta Hawks,De'Andre Hunter
Atlanta Hawks,Lou Williams
Atlanta Hawks,Timothe Luwawu Cabarrot
Atlanta Hawks,Solomon Hill
Atlanta Hawks,Skylar Mays 
Atlanta Hawks,Jalen Johnson
Atlanta Hawks,Sharife Cooper 
Atlanta Hawks,Onyeka Okongwu
Boston Celtics,Jayson Tatum
Boston Celtics,Dennis Schroder
Boston Celtics,Grant Williams
Boston Celtics,Marcus Smart
Boston Celtics,Robert Williams
Boston Celtics,Payton Pritchard
Boston Celtics,Al Horford
Boston Celtics,Josh Richardson
Boston Celtics,Aaron Nesmith
Boston Celtics,Romeo Langford
Boston Celtics,Jaylen Brown
Boston Celtics,Juan Hernangómez
Boston Celtics,Jabari Parker
Boston Celtics,Enes Kanter
Boston Celtics,Bruno Fernando
Boston Celtics,Brodric Thomas
Boston Celtics,Sam Hauser
Brooklyn Nets,Kevin Durant
Brooklyn Nets,James Harden
Brooklyn Nets,Patty Mills
Brooklyn Nets,Jevon Carter
Brooklyn Nets,LaMarcus Aldridge
Brooklyn Nets,Bruce Brown
Brooklyn Nets,Blake Griffin
Brooklyn Nets,DeAndre' Bembry
Brooklyn Nets,Joe Harris
Brooklyn Nets,Paul Millsap
Brooklyn Nets,Cameron Thomas
Brooklyn Nets,James Johnson
Brooklyn Nets,Day'Ron Sharpe
Brooklyn Nets,Nicolas Claxton
Brooklyn Nets,Kessler Edwards
Brooklyn Nets,Kyrie Irving
Brooklyn Nets,David Duke
Charlotte Hornets,Miles Bridges
Charlotte Hornets,LaMelo Ball
Charlotte Hornets,Gordon Hayward
Charlotte Hornets,Kelly Oubre Jr
Charlotte Hornets,Cody Martin
Charlotte Hornets,Mason Plumlee
Charlotte Hornets,Jalen McDaniels
Charlotte Hornets,Ish Smith
Charlotte Hornets,Nick Richards
Charlotte Hornets,Terry Rozier
Charlotte Hornets,P.J. Washington
Charlotte Hornets,James Bouknight
Charlotte Hornets,Kai Jones
Charlotte Hornets,JT Thor
Charlotte Hornets,Vernon Carey Jr
Charlotte Hornets,Arnoldas Kulboka
Charlotte Hornets,Scottie Lewis
Chicago Bulls,DeMar DeRozan
Chicago Bulls,Zach LaVine
Chicago Bulls,Lonzo Ball
Chicago Bulls,Alex Caruso
Chicago Bulls,Javonte Green
Chicago Bulls,Ayo Dosunmu
Chicago Bulls,Tony Bradley
Chicago Bulls,Nikola Vucevic
Chicago Bulls,Derrick Jones Jr
Chicago Bulls,Troy Brown Jr
Chicago Bulls,Alize Johnson
Chicago Bulls,Patrick Williams
Chicago Bulls,Matt Thomas
Chicago Bulls,Coby White
Chicago Bulls,Tyler Cook
Chicago Bulls,Marko Simonovic
Chicago Bulls,Devon Dotson
Cleveland Cavaliers,Ricky Rubio
Cleveland Cavaliers,Evan Mobley
Cleveland Cavaliers,Cedi Osman
Cleveland Cavaliers,Darius Garland
Cleveland Cavaliers,Jarrett Allen
Cleveland Cavaliers,Dean Wade
Cleveland Cavaliers,Dylan Windler
Cleveland Cavaliers,Collin Sexton
Cleveland Cavaliers,Denzel Valentine
Cleveland Cavaliers,Isaac Okoro
Cleveland Cavaliers,Lamar Stevens
Cleveland Cavaliers,Lauri Markkanen
Cleveland Cavaliers,Kevin Love
Cleveland Cavaliers,Tacko Fall
Cleveland Cavaliers,Ed Davis
Cleveland Cavaliers,Kevin Pangos
Cleveland Cavaliers,RJ Nembhard
Dallas Mavericks,Jalen Brunson
Dallas Mavericks,Tim Hardaway Jr
Dallas Mavericks,Dorian Finney-Smith
Dallas Mavericks,Dwight Powell
Dallas Mavericks,Reggie Bullock
Dallas Mavericks,Willie Cauley-Stein
Dallas Mavericks,Luka Doncic
Dallas Mavericks,Frank Ntilikina
Dallas Mavericks,Sterling Brown
Dallas Mavericks,Kristaps Porzingis
Dallas Mavericks,Boban Marjanovic
Dallas Mavericks,Josh Green
Dallas Mavericks,Maxi Kleber
Dallas Mavericks,Moses Brown
Dallas Mavericks,Trey Burke
Dallas Mavericks,Eugene Omoruyi
Dallas Mavericks,JaQuori McLaughlin
Denver Nuggets,Aaron Gordon
Denver Nuggets,Monte Morris
Denver Nuggets,Jeff Green
Denver Nuggets,PJ Dozier
Denver Nuggets,JaMychal Green
Denver Nuggets,Nikola Jokic
Denver Nuggets,Facundo Campazzo
Denver Nuggets,Will Barton
Denver Nuggets,Austin Rivers
Denver Nuggets,Bones Hyland
Denver Nuggets,Michael Porter Jr
Denver Nuggets,Zeke Nnaji
Denver Nuggets,Bol Bol
Denver Nuggets,Markus Howard
Denver Nuggets,Petr Cornelie
Denver Nuggets,Vlatko Cancar
Denver Nuggets,Jamal Murray
Detroit Pistons,Saddiq Bey
Detroit Pistons,Isaiah Stewart
Detroit Pistons,Frank Jackson
Detroit Pistons,Cory Joseph
Detroit Pistons,Trey Lyles
Detroit Pistons,Jerami Grant
Detroit Pistons,Josh Jackson
Detroit Pistons,Killian Hayes
Detroit Pistons,Kelly Olynyk
Detroit Pistons,Cade Cunningham
Detroit Pistons,Hamidou Diallo
Detroit Pistons,Luka Garza
Detroit Pistons,Rodney McGruder
Detroit Pistons,Saben Lee
Detroit Pistons,Jamorko Pickett
Detroit Pistons,Chris Smith
Detroit Pistons,Isaiah Livers
Golden State Warriors,Stephen Curry
Golden State Warriors,Andrew Wiggins
Golden State Warriors,Jordan Poole
Golden State Warriors,Draymond Green
Golden State Warriors,Nemanja Bjelica
Golden State Warriors,Gary Payton II
Golden State Warriors,Kevon Looney
Golden State Warriors,Otto Porter
Golden State Warriors,Juan Toscano Anderson
Golden State Warriors,Andre Iguodala
Golden State Warriors,Damion Lee
Golden State Warriors,Moses Moody
Golden State Warriors,Jonathan Kuminga
Golden State Warriors,Chris Chiozza
Golden State Warriors,Jeff Dowtin
Golden State Warriors,James Wiseman
Golden State Warriors,Klay Thompson
Houston Rockets,Christian Wood
Houston Rockets,Jalen Green
Houston Rockets,Jae'Sean Tate
Houston Rockets,Kevin Porter Jr
Houston Rockets,Alperen Sengun
Houston Rockets,Kenyon Martin Jr
Houston Rockets,David Nwaba
Houston Rockets,Daniel Theis
Houston Rockets,D.J. Augustin
Houston Rockets,Eric Gordon
Houston Rockets,Armoni Brooks
Houston Rockets,Josh Christopher
Houston Rockets,Danuel House
Houston Rockets,Usman Garuba
Houston Rockets,Garrison Mathews
Houston Rockets,John Wall
Houston Rockets,Daishen Nix
Indiana Pacers,Domantas Sabonis
Indiana Pacers,Myles Turner
Indiana Pacers,TJ McConnell
Indiana Pacers,Justin Holiday
Indiana Pacers,Torrey Craig
Indiana Pacers,Chris Duarte
Indiana Pacers,Jeremy Lamb
Indiana Pacers,Malcolm Brogdon
Indiana Pacers,Goga Bitadze
Indiana Pacers,Kelan Martin
Indiana Pacers,Caris LeVert
Indiana Pacers,Oshae Brissett
Indiana Pacers,Brad Wanamaker
Indiana Pacers,Duane Washington Jr
Indiana Pacers,Isaiah Jackson
Indiana Pacers,DeJon Jarreau
Indiana Pacers,TJ Warren
Los Angeles Clippers,Paul George
Los Angeles Clippers,Reggie Jackson
Los Angeles Clippers,Eric Bledsoe
Los Angeles Clippers,Luke Kennard
Los Angeles Clippers,Ivica Zubac
Los Angeles Clippers,Terance Mann
Los Angeles Clippers,Nicolas Batum
Los Angeles Clippers,Isaiah Hartenstein
Los Angeles Clippers,Justise Winslow
Los Angeles Clippers,Amir Coffey
Los Angeles Clippers,Brandon Boston Jr
Los Angeles Clippers,Jay Scrubb
Los Angeles Clippers,Marcus Morris
Los Angeles Clippers,Serge Ibaka
Los Angeles Clippers,Keon Johnson
Los Angeles Clippers,Kawhi Leonard
Los Angeles Clippers,Jason Preston
Los Angeles Lakers,Anthony Davis
Los Angeles Lakers,Russell Westbrook
Los Angeles Lakers,Carmelo Anthony
Los Angeles Lakers,Malik Monk
Los Angeles Lakers,Avery Bradley
Los Angeles Lakers,Kent Bazemore
Los Angeles Lakers,DeAndre Jordan
Los Angeles Lakers,Dwight Howard
Los Angeles Lakers,Rajon Rondo
Los Angeles Lakers,Austin Reaves
Los Angeles Lakers,Wayne Ellington
Los Angeles Lakers,LeBron James
Los Angeles Lakers,Talen Horton Tucker
Los Angeles Lakers,Jay Huff
Los Angeles Lakers,Kendrick Nunn
Los Angeles Lakers,Trevor Ariza
Los Angeles Lakers,Chaundee Brown Jr
Memphis Grizzlies,Ja Morant
Memphis Grizzlies,Desmond Bane
Memphis Grizzlies,Jaren Jackson Jr
Memphis Grizzlies,De'Anthony Melton
Memphis Grizzlies,Kyle Anderson
Memphis Grizzlies,Steven Adams
Memphis Grizzlies,Tyus Jones
Memphis Grizzlies,Ziaire Williams
Memphis Grizzlies,John Konchar
Memphis Grizzlies,Brandon Clarke
Memphis Grizzlies,Xavier Tillman Sr
Memphis Grizzlies,Sam Merrill
Memphis Grizzlies,Santi Aldama
Memphis Grizzlies,Dillon Brooks
Memphis Grizzlies,Jarrett Culver
Memphis Grizzlies,Killian Tillie
Memphis Grizzlies,Yves Pons
Miami Heat,Tyler Herro
Miami Heat,Duncan Robinson
Miami Heat,PJ Tucker
Miami Heat,Dewayne Dedmon
Miami Heat,Kyle Lowry
Miami Heat,Gabe Vincent
Miami Heat,Jimmy Butler
Miami Heat,Bam Adebayo
Miami Heat,Caleb Martin
Miami Heat,Markieff Morris
Miami Heat,Max Strus
Miami Heat,Omer Yurtseven
Miami Heat,KZ Okpala
Miami Heat,Udonis Haslem
Miami Heat,Marcus Garrett
Miami Heat,Victor Oladipo
Milwaukee Bucks,Grayson Allen
Milwaukee Bucks,Pat Connaughton
Milwaukee Bucks,Jordan Nwora
Milwaukee Bucks,Giannis Antetokounmpo
Milwaukee Bucks,George Hill
Milwaukee Bucks,Thanasis Antetokounmpo
Milwaukee Bucks,Justin Robinson
Milwaukee Bucks,Bobby Portis
Milwaukee Bucks,Semi Ojeleye
Milwaukee Bucks,Jrue Holiday
Milwaukee Bucks,Rodney Hood
Milwaukee Bucks,Khris Middleton
Milwaukee Bucks,Sandro Mamukelashvili
Milwaukee Bucks,Georgios Kalaitzakis
Milwaukee Bucks,Brook Lopez
Milwaukee Bucks,Donte DiVincenzo
Minnesota Timberwolves,Anthony Edwards
Minnesota Timberwolves,Karl Anthony Towns
Minnesota Timberwolves,Malik Beasley
Minnesota Timberwolves,Jaden McDaniels
Minnesota Timberwolves,Jarred Vanderbilt
Minnesota Timberwolves,Naz Reid
Minnesota Timberwolves,D'Angelo Russell
Minnesota Timberwolves,Patrick Beverley
Minnesota Timberwolves,Taurean Prince
Minnesota Timberwolves,Josh Okogie
Minnesota Timberwolves,Jordan McLaughlin
Minnesota Timberwolves,Jaylen Nowell
Minnesota Timberwolves,Leandro Bolmaro
Minnesota Timberwolves,Jake Layman
Minnesota Timberwolves,Nathan Knight
Minnesota Timberwolves,McKinley Wright
New Orleans Pelicans,Jonas Valanciunas
New Orleans Pelicans,Nickeil Alexander-Walker
New Orleans Pelicans,Devonte Graham
New Orleans Pelicans,Trey Murphy III
New Orleans Pelicans,Jaxson Hayes
New Orleans Pelicans,Garrett Temple
New Orleans Pelicans,Herb Jones
New Orleans Pelicans,Kira Lewis Jr
New Orleans Pelicans,Josh Hart
New Orleans Pelicans,Naji Marshall
New Orleans Pelicans,Tomas Satoransky
New Orleans Pelicans,Brandon Ingram
New Orleans Pelicans,Willy Hernangomez
New Orleans Pelicans,Jose Alvarado
New Orleans Pelicans,Didi Louzada
New Orleans Pelicans,Zion Williamson
New Orleans Pelicans,Daulton Hommes
New York Knicks,Julius Randle
New York Knicks,RJ Barrett
New York Knicks,Derrick Rose
New York Knicks,Evan Fournier
New York Knicks,Alec Burks
New York Knicks,Immanuel Quickley
New York Knicks,Obi Toppin
New York Knicks,Kemba Walker
New York Knicks,Mitchell Robinson
New York Knicks,Taj Gibson
New York Knicks,Jericho Sims
New York Knicks,Miles McBride
New York Knicks,Nerlens Noel
New York Knicks,Quentin Grimes
New York Knicks,Kevin Knox
New York Knicks,Wayne Selden
New York Knicks,Luka Samanic
Oklahoma City Thunder,Shai Gilgeous-Alexander
Oklahoma City Thunder,Darius Bazley
Oklahoma City Thunder,Josh Giddey
Oklahoma City Thunder,Kenrich Williams
Oklahoma City Thunder,Jeremiah Robinson-Earl
Oklahoma City Thunder,Aleksej Pokusevski
Oklahoma City Thunder,Luguentz Dort
Oklahoma City Thunder,Derrick Favors
Oklahoma City Thunder,Mike Muscala
Oklahoma City Thunder,Ty Jerome
Oklahoma City Thunder,Tre Mann
Oklahoma City Thunder,Theo Maledon
Oklahoma City Thunder,Isaiah Roby
Oklahoma City Thunder,Gabriel Deck
Oklahoma City Thunder,Aaron Wiggins
Oklahoma City Thunder,Vit Krejci
Oklahoma City Thunder,Paul Watson
Orlando Magic,Cole Anthony
Orlando Magic,Franz Wagner
Orlando Magic,Wendell Carter Jr
Orlando Magic,Mo Bamba
Orlando Magic,Terrence Ross
Orlando Magic,R.J. Hampton
Orlando Magic,Jalen Suggs
Orlando Magic,Moritz Wagner
Orlando Magic,Gary Harris
Orlando Magic,Chuma Okeke
Orlando Magic,Ignas Brazdeikis
Orlando Magic,Robin Lopez
Orlando Magic,Mychal Mulder
Orlando Magic,Michael Carter-Williams
Orlando Magic,Jonathan Isaac
Orlando Magic,E'Twaun Moore
Orlando Magic,Markelle Fultz
Philadelphia 76ers,Tyrese Maxey
Philadelphia 76ers,Georges Niang
Philadelphia 76ers,Seth Curry
Philadelphia 76ers,Furkan Korkmaz
Philadelphia 76ers,Andre Drummond
Philadelphia 76ers,Paul Reed
Philadelphia 76ers,Shake Milton
Philadelphia 76ers,Danny Green
Philadelphia 76ers,Joel Embiid
Philadelphia 76ers,Tobias Harris
Philadelphia 76ers,Matisse Thybulle
Philadelphia 76ers,Isaiah Joe
Philadelphia 76ers,Charles Bassey
Philadelphia 76ers,Aaron Henry
Philadelphia 76ers,Jaden Springer
Philadelphia 76ers,Ben Simmons
Philadelphia 76ers,Grant Riller
Phoenix Suns,Devin Booker
Phoenix Suns,Chris Paul
Phoenix Suns,Mikal Bridges
Phoenix Suns,JaVale McGee
Phoenix Suns,Jae Crowder
Phoenix Suns,Cameron Johnson
Phoenix Suns,Landry Shamet
Phoenix Suns,Abdel Nader
Phoenix Suns,Frank Kaminsky
Phoenix Suns,Cameron Payne
Phoenix Suns,Deandre Ayton
Phoenix Suns,Elfrid Payton
Phoenix Suns,Jalen Smith
Phoenix Suns,Chandler Hutchison
Phoenix Suns,Dario Saric
Phoenix Suns,Ish Wainright
Portland Trail Blazers,CJ McCollum
Portland Trail Blazers,Anfernee Simons
Portland Trail Blazers,Jusuf Nurkic
Portland Trail Blazers,Nassir Little
Portland Trail Blazers,Robert Covington
Portland Trail Blazers,Larry Nance Jr
Portland Trail Blazers,Cody Zeller
Portland Trail Blazers,Damian Lillard
Portland Trail Blazers,Norman Powell
Portland Trail Blazers,Tony Snell
Portland Trail Blazers,Dennis Smith Jr
Portland Trail Blazers,CJ Elleby
Portland Trail Blazers,Greg Brown III
Portland Trail Blazers,Ben McLemore
Portland Trail Blazers,Trendon Watford
Portland Trail Blazers,Quinn Cook
Portland Trail Blazers,Keljin Blevins
Sacramento Kings,Harrison Barnes
Sacramento Kings,De'Aaron Fox
Sacramento Kings,Buddy Hield
Sacramento Kings,Richaun Holmes
Sacramento Kings,Davion Mitchell
Sacramento Kings,Tyrese Haliburton
Sacramento Kings,Maurice Harkless
Sacramento Kings,Tristan Thompson
Sacramento Kings,Terence Davis
Sacramento Kings,Alex Len
Sacramento Kings,Chimezie Metu
Sacramento Kings,Damian Jones
Sacramento Kings,Marvin Bagley III
Sacramento Kings,Jahmi'us Ramsey
Sacramento Kings,Robert Woodard
Sacramento Kings,Neemias Queta
Sacramento Kings,Louis King
San Antonio Spurs,Dejounte Murray
San Antonio Spurs,Keldon Johnson
San Antonio Spurs,Devin Vassell
San Antonio Spurs,Derrick White
San Antonio Spurs,Lonnie Walker
San Antonio Spurs,Drew Eubanks
San Antonio Spurs,Bryn Forbes
San Antonio Spurs,Tre Jones
San Antonio Spurs,Doug McDermott
San Antonio Spurs,Thaddeus Young
San Antonio Spurs,Keita Bates Diop
San Antonio Spurs,Jakob Poeltl
San Antonio Spurs,Jock Landale
San Antonio Spurs,Joshua Primo
San Antonio Spurs,Joe Wieskamp
San Antonio Spurs,Devontae Cacok
San Antonio Spurs,Zach Collins
San Antonio Spurs,Jaylen Morris
San Antonio Spurs,Denzel Mahoney
Toronto Raptors,OG Anunoby
Toronto Raptors,Gary Trent Jr
Toronto Raptors,Svi Mykhailiuk
Toronto Raptors,Dalano Banton
Toronto Raptors,Fred VanVleet
Toronto Raptors,Chris Boucher
Toronto Raptors,Scottie Barnes
Toronto Raptors,Precious Achiuwa
Toronto Raptors,Khem Birch
Toronto Raptors,Malachi Flynn
Toronto Raptors,Goran Dragic
Toronto Raptors,Justin Champagnie
Toronto Raptors,Pascal Siakam
Toronto Raptors,Isaac Bonga
Toronto Raptors,David Johnson
Toronto Raptors,Yuta Watanabe
Utah Jazz,Bojan Bogdanovic
Utah Jazz,Jordan Clarkson
Utah Jazz,Rudy Gobert
Utah Jazz,Joe Ingles
Utah Jazz,Royce O'Neale
Utah Jazz,Hassan Whiteside
Utah Jazz,Eric Paschall
Utah Jazz,Donovan Mitchell
Utah Jazz,Mike Conley
Utah Jazz,Jared Butler
Utah Jazz,Trent Forrest
Utah Jazz,Miye Oni
Utah Jazz,Elijah Hughes
Utah Jazz,Udoka Azubuike
Utah Jazz,Malik Fitts
Utah Jazz,Rudy Gay
Washington Wizards,Montrezl Harrell
Washington Wizards,Kyle Kuzma
Washington Wizards,Kentavious Caldwell Pope
Washington Wizards,Aaron Holiday
Washington Wizards,Deni Avdija
Washington Wizards,Spencer Dinwiddie
Washington Wizards,Raul Neto
Washington Wizards,Corey Kispert
Washington Wizards,Daniel Gafford
Washington Wizards,Bradley Beal
Washington Wizards,Davis Bertans
Washington Wizards,Anthony Gill
Washington Wizards,Isaiah Todd
Washington Wizards,Joel Ayayi
Washington Wizards,Rui Hachimura
Washington Wizards,Cassius Winston
Washington Wizards,Thomas Bryant
